title,score,id,url,comms_num,created,body,timestamp
"There’s a reason that programmers always want to throw away old code and start over: they think the old code is a mess. They are probably wrong. The reason that they think the old code is a mess is because of a cardinal, fundamental law of programming: It’s harder to read code than to write it.",23988,8f2lzu,https://www.joelonsoftware.com/2000/04/06/things-you-should-never-do-part-i/,1049,1524777852.0,,2018-04-26 18:24:12
YouTube page load is 5x slower in Firefox and Edge than in Chrome because YouTube's Polymer redesign relies on the deprecated Shadow DOM v0 API only implemented in Chrome.,22509,91i0mc,https://twitter.com/cpeterso/status/1021626510296285185,1926,1532472417.0,,2018-07-24 19:46:57
How I Got Paid $0 From the Uber Security Bug Bounty,21018,7m2z3b,https://medium.com/bread-and-circuses/how-i-got-paid-0-from-the-uber-security-bug-bounty-aa9646aa103f,1393,1514257684.0,,2017-12-26 00:08:04
Google wins trial against Oracle as jury finds Android is “fair use”,20888,4l77w2,http://arstechnica.com/tech-policy/2016/05/google-wins-trial-against-oracle-as-jury-finds-android-is-fair-use/,1278,1464321995.0,,2016-05-27 01:06:35
"TIL there's a community called ""dwitter"" where people compose 140 character JavaScript programs that produce interesting visuals",19789,7m8770,https://www.dwitter.net/top,330,1514329501.0,,2017-12-26 20:05:01
"Eye tracking software for sufferers of ALS/MND can cost tens of thousands of dollars, so I've spent 3.5 years of my spare time writing a free & open-source alternative - meet OptiKey (C#, Rx, WPF) (x-post from r/Software)",18860,3ke7ug,https://www.reddit.com/r/software/comments/3kdghp/eye_tracking_software_for_sufferers_of_alsmnd_can/?ref=share&ref_source=link,489,1441919089.0,,2015-09-10 18:04:49
Cool website that explains algorithms as if they are IKEA instruction manuals,18402,8530uf,https://idea-instructions.com/,238,1521312554.0,,2018-03-17 15:49:14
"Linus Torvalds: I think somebody inside of Intel needs to really take a long hard look at their CPU's, and actually admit that they have issues instead of writing PR blurbs that say that everything works as designed.",17800,7o203z,https://lkml.org/lkml/2018/1/3/797,1586,1515088355.0,,2018-01-04 15:52:35
"I didn't get paid, so I open sourced my clients project",17670,by9v7c,https://github.com/TrillCyborg/onefraction,955,1560041057.0,,2019-06-08 21:44:17
Inventor says Google is patenting work he put in the public domain,17615,8q3kp8,https://arstechnica.com/tech-policy/2018/06/inventor-says-google-is-patenting-work-he-put-in-the-public-domain/,830,1528690997.0,,2018-06-11 01:23:17
